<?xml version="1.0" encoding="UTF-8"?>
<project-private xmlns="http://www.netbeans.org/ns/project-private/1">
    <editor-bookmarks xmlns="http://www.netbeans.org/ns/editor-bookmarks/2" lastBookmarkId="0"/>
    <open-files xmlns="http://www.netbeans.org/ns/projectui-open-files/2">
        <group>
            <file>file:/C:/Users/nagol/OneDrive/Documents/NetBeansProjects/graphical/web/Users%20Icons/images%20(12).jpg</file>
            <file>file:/C:/Users/nagol/OneDrive/Documents/NetBeansProjects/graphical/web/u_insertdata.jsp</file>
            <file>file:/C:/Users/nagol/OneDrive/Documents/NetBeansProjects/graphical/web/images/pix2.jpg</file>
            <file>file:/C:/Users/nagol/OneDrive/Documents/NetBeansProjects/graphical/web/images/hbg_bg.gif</file>
            <file>file:/C:/Users/nagol/OneDrive/Documents/NetBeansProjects/graphical/web/images/img1.jpg</file>
            <file>file:/C:/Users/nagol/OneDrive/Documents/NetBeansProjects/graphical/web/u_changepoints.jsp</file>
            <file>file:/C:/Users/nagol/OneDrive/Documents/NetBeansProjects/graphical/web/Users%20Icons/images.jpg</file>
            <file>file:/C:/Users/nagol/OneDrive/Documents/NetBeansProjects/graphical/web/a_documentresults.jsp</file>
            <file>file:/C:/Users/nagol/OneDrive/Documents/NetBeansProjects/graphical/web/sources/jscharts.js</file>
            <file>file:/C:/Users/nagol/OneDrive/Documents/NetBeansProjects/graphical/web/u_viewrecommends1.jsp</file>
            <file>file:/C:/Users/nagol/OneDrive/Documents/NetBeansProjects/graphical/web/images/pix3.jpg</file>
            <file>file:/C:/Users/nagol/OneDrive/Documents/NetBeansProjects/graphical/web/images/img2.jpg</file>
            <file>file:/C:/Users/nagol/OneDrive/Documents/NetBeansProjects/graphical/web/Users%20Icons/download.jpg</file>
            <file>file:/C:/Users/nagol/OneDrive/Documents/NetBeansProjects/graphical/web/allunblockrequests.jsp</file>
            <file>file:/C:/Users/nagol/OneDrive/Documents/NetBeansProjects/graphical/web/images/userpic.gif</file>
            <file>file:/C:/Users/nagol/OneDrive/Documents/NetBeansProjects/graphical/web/images/image.jpg</file>
            <file>file:/C:/Users/nagol/OneDrive/Documents/NetBeansProjects/graphical/web/a_userdetails.jsp</file>
            <file>file:/C:/Users/nagol/OneDrive/Documents/NetBeansProjects/graphical/web/Gallery/pix6.jpg</file>
            <file>file:/C:/Users/nagol/OneDrive/Documents/NetBeansProjects/graphical/web/images/pix4.jpg</file>
            <file>file:/C:/Users/nagol/OneDrive/Documents/NetBeansProjects/graphical/web/images/pix5.jpg</file>
            <file>file:/C:/Users/nagol/OneDrive/Documents/NetBeansProjects/graphical/web/images/spacer.gif</file>
            <file>file:/C:/Users/nagol/OneDrive/Documents/NetBeansProjects/graphical/web/Gallery/images%20(12).jpg</file>
            <file>file:/C:/Users/nagol/OneDrive/Documents/NetBeansProjects/graphical/web/Gallery/Microsoft%20Mobile.jpg</file>
            <file>file:/C:/Users/nagol/OneDrive/Documents/NetBeansProjects/graphical/web/images/User.png</file>
            <file>file:/C:/Users/nagol/OneDrive/Documents/NetBeansProjects/graphical/web/Users%20Icons/download%20(2).png</file>
            <file>file:/C:/Users/nagol/OneDrive/Documents/NetBeansProjects/graphical/web/Users%20Icons/download.png</file>
            <file>file:/C:/Users/nagol/OneDrive/Documents/NetBeansProjects/graphical/web/Gallery/images%20(4).jpg</file>
            <file>file:/C:/Users/nagol/OneDrive/Documents/NetBeansProjects/graphical/web/Gallery/Pendrive.jpg</file>
            <file>file:/C:/Users/nagol/OneDrive/Documents/NetBeansProjects/graphical/web/images/submit.gif</file>
            <file>file:/C:/Users/nagol/OneDrive/Documents/NetBeansProjects/graphical/web/Users%20Icons/images%20(9).jpg</file>
            <file>file:/C:/Users/nagol/OneDrive/Documents/NetBeansProjects/graphical/web/images/readmore.jpg</file>
            <file>file:/C:/Users/nagol/OneDrive/Documents/NetBeansProjects/graphical/web/Gallery/images%20(10).jpg</file>
            <file>file:/C:/Users/nagol/OneDrive/Documents/NetBeansProjects/graphical/web/Users%20Icons/download%20(4).png</file>
            <file>file:/C:/Users/nagol/OneDrive/Documents/NetBeansProjects/graphical/web/Gallery/img2.jpg</file>
            <file>file:/C:/Users/nagol/OneDrive/Documents/NetBeansProjects/graphical/web/Image3.jpg</file>
            <file>file:/C:/Users/nagol/OneDrive/Documents/NetBeansProjects/graphical/web/Gallery/User.png</file>
            <file>file:/C:/Users/nagol/OneDrive/Documents/NetBeansProjects/graphical/web/a_unblockuser.jsp</file>
            <file>file:/C:/Users/nagol/OneDrive/Documents/NetBeansProjects/graphical/web/Image2.jpg</file>
            <file>file:/C:/Users/nagol/OneDrive/Documents/NetBeansProjects/graphical/web/Users%20Icons/images%20(14).jpg</file>
            <file>file:/C:/Users/nagol/OneDrive/Documents/NetBeansProjects/graphical/web/Users%20Icons/images.png</file>
            <file>file:/C:/Users/nagol/OneDrive/Documents/NetBeansProjects/graphical/web/images/pix6.jpg</file>
            <file>file:/C:/Users/nagol/OneDrive/Documents/NetBeansProjects/graphical/web/Users%20Icons/download%20(3).png</file>
            <file>file:/C:/Users/nagol/OneDrive/Documents/NetBeansProjects/graphical/web/a_docdetails.jsp</file>
            <file>file:/C:/Users/nagol/OneDrive/Documents/NetBeansProjects/graphical/web/Image1.jpg</file>
            <file>file:/C:/Users/nagol/OneDrive/Documents/NetBeansProjects/graphical/web/Users%20Icons/images%20(1).jpg</file>
            <file>file:/C:/Users/nagol/OneDrive/Documents/NetBeansProjects/graphical/web/Gallery/download%20(22).jpg</file>
            <file>file:/C:/Users/nagol/OneDrive/Documents/NetBeansProjects/graphical/web/images/img3.jpg</file>
            <file>file:/C:/Users/nagol/OneDrive/Documents/NetBeansProjects/graphical/web/add_document.jsp</file>
            <file>file:/C:/Users/nagol/OneDrive/Documents/NetBeansProjects/graphical/web/js/arial.js</file>
            <file>file:/C:/Users/nagol/OneDrive/Documents/NetBeansProjects/graphical/web/Gallery/CloudComputing.jpg</file>
            <file>file:/C:/Users/nagol/OneDrive/Documents/NetBeansProjects/graphical/web/profile_pic.jsp</file>
            <file>file:/C:/Users/nagol/OneDrive/Documents/NetBeansProjects/graphical/web/connect.jsp</file>
            <file>file:/C:/Users/nagol/OneDrive/Documents/NetBeansProjects/graphical/web/images/Pendrive.jpg</file>
            <file>file:/C:/Users/nagol/OneDrive/Documents/NetBeansProjects/graphical/web/images/img4.jpg</file>
            <file>file:/C:/Users/nagol/OneDrive/Documents/NetBeansProjects/graphical/web/add_document1.jsp</file>
            <file>file:/C:/Users/nagol/OneDrive/Documents/NetBeansProjects/graphical/web/Gallery/download%20(3).png</file>
            <file>file:/C:/Users/nagol/OneDrive/Documents/NetBeansProjects/graphical/web/a_userresults.jsp</file>
            <file>file:/C:/Users/nagol/OneDrive/Documents/NetBeansProjects/graphical/web/Users%20Icons/download%20(1).png</file>
        </group>
    </open-files>
</project-private>
